content,class
god sake yr welcom gift c isnt state clearli order get free welcom gift without feel tri select free gift keep get error spoke cso told get free gift first make purchas good job gonna use get order,-1
cheap fast love order,1
overal complain good,1
great place shop competit price choic love overal experi,1
good,1
far good mayb increas reward game n daili login rememb last time coin th day coin,1
use good problem order buy stuff recent platform suck platform allow cancel order auto cancel system kept drag cancel date ask custom servic personnel help could suggest ask wait till auto cancel occur uninstal receiv refund edit sent feedback repli ask wait till auto cancel date occur pleas ask send anymor feedback unless realli someth edit final transact cancel send email ask solut brought issu doubt anyth done ask wait yet receiv email messag state whether receiv refund,-1
love almost everyth one platform,1
shop quit shopp nagiv easi discount product great reliabl refund done promptli,1
good price rel fast deliveri,1
respos fast messag send good qualiti,1
dear read review buy anyth bunch crook paid come even thou call guarante refund period honour push commun track number got cheek ask call local postal servic track parcel end gave email address address malaysia postal servic wherebi singapor delet lousi even correspond prove claim,-1
great,1
good experi recommend purchas good deal websit,1
good,1
love mucj,1
great deal,1
smooth app use would recommend new user tri experi user friendli realli great app use happi w applic user experi thank stay safe everyon great day,1
love order super great,1
fast deliveri easi order good conveni circuit breaker period,1
know heck happen bought stuck like sort hub like cross border transit ask extend guarante reciev ofc anoth countri guarante expect come singapor like day fast dont even know grasp concept wait long bought month need refund serious what happen phenomena happend like ive yet reciev pace ive bought refund what point shop end also wast,-1
good qualiti,1
great great shop awesom shop thank,1
bit late deliveri bt overal good,1
great,1
good,1
payment page failur add cart unabl make payment time call helpdesk keep repli sorri understand frustrat ask uninstal n reinstal log log phone delet payment type n add switch other phone laptop still cannot solv problem till still noth done call disappoint,-1
good inform good shop good deliveri,1
terribl uninstal worst qoo atleast qoo smell scammer full fake bought marshal earpiec trust offici marshal shop sound suck much paid high price bought may juli broke alreadi didnt get crush damag extern hard cover look like glu glue worn,-1
good easi use fast deliveri,1
quit good especi ship option like,1
love enjoy deal onlin buy mani time never get win,1
good,1
believ sell tb tb samsung flash drive low price either fals advertis genuin product cheap imit even scam,-1
deliveri fee absorb would great,1
good use parcel delay despit viru outbreak thing choic choos deliveri time parcel deliv hous reschedul ninja van home collect parcel,1
good,1
good price,1
great choic select allow buyer indic receipt accept condit payment unlik onlin platform,1
far good,1
great shop experi outshin q lazada,1
updat screen resolut page big mobil view issu click kick need launch also custom support respons slow sometim respons farm harvest order cancel without refund replac,-1
good product good price,1
great easi use like game play earn coin,1
dont get updat total trash regret updat use suck useless im good buyer dont problem sinc updat,-1
great cheap product easi purchas lot promot,1
disappoint latest purchas written day return ensur shop experi happi noth fals hope clarif pictur support custom claim fall day return polici claim sure fall short compar onlin shop app,-1
great,1
lot good product good price app,1
love eas shop return afford product region singapor easi return process free deliveri,1
qualiti good match review pictur advertis purchas statu whereabout track app deliveri servic provid good shop experi,1
great app e tablet far good hope stay way,1
bought satisfi good receiv,1
lot great deal user friendli,1
great use reliabl deliveri compani,1
start use often cb find lot souc price may higher bit usual still consid good choic,1
good platform valu money purchas,1
rcv time good condit,1
good function easi brows order,1
far exprienc good deliveri pandem period realli fast unlik onlin market cannot even place order,1
love,-1
worth trust type onlin shop custom servic chat good way connect custom,-1
scam scam ever use stupid,-1
great easi use make shop onlin easier,1
good,1
disappoint put price purchas find price lower ask cancel unfair buyer,-1
good easi use,1
far good howev dk lucki draw work,1
good,1
good trustworthi,1
far good,1
good init let ppl use credit card payment individu user sell howev system unfriendli tri deal differ voucher occas buy larg amount voucher self usag dont releas money hold long creat long delay unnecessari stress buyer feedback mani time improv make app also lag time give notifc well also ban famili member account buy voucher togeth due daili limit allow appeal shame,-1
overal find best price rebat ship deal product vs other great onlin shop experi improv everi year servic disput ship product fulfil check great partnership offici store like xiaomi ringk brand giant often great promo price bundl good free gift onlin shop experi owner extraordinari vision class aliexpress servic produxct deliveri fulfil,1
love way present fast deliveri,1
terribl shop return refund alway disput settl toward custom servic send repli serious delet wast time download unless mainland china,-1
good awsom experi,1
good,1
good experi far,1
good develop also protect consum purchas without worri money paid receiv product function way money releas order receiv consum,1
improv rang good competit price prompt deliveri use competit previous recent find better valu,1
cheap good altern amazon peopl say,1
like price competit similar line platform howev wait time refund return return fast lazada,1
great platform shop onlin bewar addict sell good deal,1
pleasant experi love brows thru find surpris buy,1
good,1
one hotwind sg sell oversea indic info anyth come oversea especi pandem must well note tri negoti yo cancel refund declin mention hotwind sg assum alreadi sg great relief instead need earn revenu even put custom health risk better use onlin valu client,-1
far good,1
far good,1
good satisfi costum,1
alway good,1
love shopp wide select product often exclus offer mani excit game win free voucher coin get discount product purchas,1
good line shop good,1
sg good deliveri sometim take long ship sure push matter custom buy onlin thank,1
overal shop experi good minimum cancel,1
fast deliveri good qualiti thank,1
scam guarante refund good receiv describ howev paid th jan good even ship yet today th feb even boat moment simpli refus talk refus ship meanwhil let cancel order refus cancel request money gone get good seem like simpli pocket money,-1
great find purchas good price,1
love super user friendli n gener cheap,1
good shop user requir research,1
good onlin shop payment deduct receiv confirm well done,1
scammer,-1
good buy,1
good need budget safe onlin shop,1
shop shopp easi fast good deal,1
good decent onlin shop,1
great addict though whole new world n need spend time suss best deal actual help u save moolah u time play game plan purchas accord voucher collect one star short full mark lag lot ive samsung feel like year old granni good u want compet like taobao lazada etc,1
alway love recent week realis whenev press cart direct cart instead got hung uninstal instal back abl go cart get cart go back uninstal instal caus hassl hope someth done,-1
great valu money made sever small valu purchas thu far fortun make wise choic result cost save far good deliveri servic sometim errat say least henc star,1
deliv cash collect ok think cash cad payment atm transfer good,-1
love,1
far good shop experi,1
good experi,1
far good receiv stock inform beforehand,1
great except interfac need user friendli keep,1
disappoint take action dishonour cancel buyer order cite stock chang price instantli happen twice year take action despit user report decid boycott till team actual protect buyer,-1
anoth good onlin option sometim product took long arriv,1
allow sell product talli inform punish disappoint custom servic investig team let continu sell product pleas protect buyer,-1
scammer,-1
good,1
good platform compar price platform like qoo lazada usual cheapest option,1
everth come exactli hiccup noth good,1
good,1
experi chang rate star improv refund process arrang courier pick custom home damag wrong custom accept damag lengthi inconveni return refund process unfair fault,-1
fast servic good qualiti product,1
mislead term condit terribl onboard experi polici horribl cust svc team understand user frustrat extrem disappoint first time user,-1
great experi far bugbear deliveri ninjavan would ideal actual take note request deliveri certain time frame inform day ahead instead morn would win win arrang ninjavan buyer,1
total disappoint said fault said fault sigh buyer fault suffer total letdown,-1
conveni plu good deal,1
terribl servic provid good worst oper properli like send time manner suggest u find let us cancel order demand tell close shop buy need date push back n back fair side wait n wait deliv,-1
work well love game use earn coin exchang voucher,1
take long load time even load although ive refresh mani time even verifi payment keep load non stop use love use laggi,-1
tri delet account want use anymor said complet pend order could delet account never delet account great,-1
want claim free free gift first purchas claim state either network error pleas check connect unknown error pleas tri certainli hoax got good thing world noth wrong connect still watch netflix ultra hd tri day alreadi problem still exist tri today claim page becam blank claim,-1
good,1
great shop,1
save alot time travel get cheaper good platform,1
great deal allow shop go easili,1
experi extrem come refund product return say investig matter complet wast time explan gener show noth pretend someth delay repli advic hope get support purchas made case decid buy anymor,-1
spoken custom servic repres noth done push around contact shipper respond state action refund noth custom servic repres servic,-1
good use,1
cheap good,1
abl find larg varieti good local oversea side appli discount coupon purchas unabl use shop discount cashback,1
good,1
disappoint get wors never receiv yet system put deliv check staff push away push away postman realli disappoint,-1
love use year earn coin voucher play game get freebi importantli price cheaper compar outsid especi flash deal,1
great shop mani awesom deal,1
great flash deal lower price compar competitor,1
updat rate one star releas payment vendor without consent whose deliv previous complain vendor said would send would withdraw refund request still arriv rate vendor one star said would make complaint refus anyth let warn other,-1
great shop,1
good app enjoy onlin shop,1
good compar qoo,1
love,1
good,1
happi product list deliveri time servic good,1
great product,1
extrem disappoint sign may welcom gift redeem fine howev voucher first purchas also use sought help live chat said would escal issu get back may wrote may night someon assign help repli voucher error messag said perman limit activ ban non appeal even anyth amaz,-1
lock stay home saviour great thank,1
everyth good helplin support number queue need help slightli way long,1
love,-1
far good,1
great,1
scam click bait ad offer simpli exist order get download wast time,-1
everyth far good purchas littl messi,1
fast deliv that good thing come send wrong damag open disput email prove return back pocket money return postag serious troublesom,-1
great love shop,1
great easi still tri learn way earn benefit coin,1
great care non authent,1
scam anyth two block bought question product loop hole block respons watch show plu lazi repli repli automat repli make less even star unfortun dun neg star give neg star,-1
good experi purchas especi abl survey price referenc local store,1
good app cost lower other high recommend everyon easier use earn free coin money replac,1
buy product far good time servic keep order contact len msia cancel,1
good experi,1
good deal oh addict might need delet week download month end shop,1
great find stuff deliv doorstep,1
far good enjoy time scroll see great price love bank transfer option usual shop onlin due credit card lot measur place shopper overal consider marketplac thank,1
quit number good stuff competit price found,1
great deal clear format navig,1
search click one result detail inform product noth avail purchas notifi stock cancel payment took minut refund take day noob friendli person check stock know money,-1
good,1
good,1
good qualiti stuff,1
great onlin shop,1
realli happi becom frequent buyer sinc covid lockdown find look reason price love deliveri courier rather quick good job,1
good platform earn point prize howev shopeemal voucher purchas current work wast purchas voucher im unabl use shopermal contact custom servic time last week said send email repons technic team respons till,-1
buy risk cannot refund,-1
best onlin shop ever quick deliveri everytim less week come easi use perfect word say use year good bug found alway zoom automat start open pleas fix anyway thank,1
great,1
came come across advertis cheap list scam cannot even find list somewhat close price saw download wast time,-1
describ rather compani disappoint know mani scheme sell counterfeit product fact allow transact reflect social corpor respins consum buyer section trade mark act tma crimin offenc sell counterfeit good singapor includ resel product onlin platform expect,-1
great pp shop love,1
alway use onlin shop never issu great,1
use love time round think stop use doesnt let u get refund u didnt even freak reciev like wth u think money easi earn point u anyhow releas payment never send us what point refund button think alway right plu isnt first time thing happen alreadi tri scam second time even anyth use risk edit opt standard express expens suppos guarante send doorstep freak liabl lost normal mail thing wth u sure opt normal mail tri say even express mail get lost haha that funni man what point express mail gonna get lost liabl,-1
fast good price low,1
nice app onlin shop mani good deal promot,1
pretti happi servic like love experi,1
would great accept gift card like googl gift card,1
good,1
note charg refund refund money back receiv unless accept request total scam trust guarante money back receiv,-1
internet great yet function load slowli,-1
scammer,-1
good qualiti product low price,1
good,1
great experi shop,1
need improv sale product servic especi buyer receiv faulti product either immedi exchang refund buyer ask buyer return faulti product warehous think practic unaccept,1
good choic bargain,1
good app easi understand like thank,1
good,1
overal good shop platform depend lot provid inform list thank,1
met expect good array product,1
honest first imp replica carousel initi thought good prevent scam take way long transfer amt deal complet quit sometim henc evn ad featur dislik hope time transfer complet deal improv p still got money deal complet week actual prompt tt transfer soon week alr soon,-1
dang shake shook twice first result coin shake harder next time said second time got coin check coin histori coin credit account scam,-1
great shop cb fast reliabl,1
far good platform buy especi sale coupon custom servic respons though need keep track sale auto complet sale bit issu receiv,1
offer vast rang good product worth buy,1
till custom servic havent get back refund month alreadi shop suck lazada aliexpress still best,-1
far issu deliveri fast care packag importantli price great,1
good fast deliveri,1
good merchandis good price,1
grate meet household need especi retail store close cb period realli love one current purchas wamp magic flat mop z plu qualiti product demo youtub,1
good platform order wide rang product,1
good,1
great,1
great user friendli platform n lot free promo voucher,1
alway got sort error disappoint,-1
good sale,1
good deliv good condit,1
disgust shop experi sg receiv wrong twice rais return refund request insist need send back offic sought help cs pacifi say help resolv end verdict go singpost label etc go hassl send back offic buyer bewar side regardless whose fault buyer bewar,-1
disappoint chang expiri period coin three two month without notifi user coin balanc also updat inform user much coin expir daili spend limit coin time discov coin expir chanc use signific amount coin expir contact say noth felt cheat,-1
far good come like wat expect n satisfi wif da,1
enjoy brows far purchas rel good ship may take littl longer usual game earn coin overal provid great conveni onlin shop,1
fast servic good reput,1
made st purchas told custom servic entitl welcom gift st purchas welcom gift order simpli cheat st timer user unlik q ezbuy sincer sg cheater tell sinc claim welcom pack st purchas entitl welcom pack will give welcom pack say dont need ask fill form explain scam bewar,-1
great deal friendli inform user interfac,1
good use,1
love shop,1
good,1
first time custom order alreadi receiv good condit complaint thank,1
love alway mani discount also prize win keep shopper entertain also game earn coin daili,1
good,1
far good app,1
coupon discount go plu point platform hate complic game pleas bring back shake coin thingi good stuff,1
user friendli love reason price,1
shop addict love amaz deliv free worth sgd,1
love product arriv time even cheap worth buy,1
good,1
good,1
good shop platform,1
lag alot realli good use,1
fact releas money write review utter bullsh great way scammer sell cheap defect defect week refus return refund take warranti lazada better co make sure money safe secur return within time period issu refund return atleast give us chanc return refund report approv also,-1
much scam voucher cant use point,-1
shop experi good product good deliveri good basic complaint recent purchas,1
good shop platform,1
good rang product variou promot,1
great buy experi,1
far good happi purchas,1
good,1
great platform speedi cash rebat good job,1
one favourit shop onlin servic good alway get time delay would still abl speak custom recent disappoint would wait age recommend ask refund still glad could refund back,-1
great shop cheap qualiti product good worth,1
great use compar orher shop payment mode restrict credit card payment,1
deliveri effici product good,1
good,1
good,1
good servic arriv good condit,1
first time purchas purchas printer good condit fast deliveri wonder im happi thank back,1
easi shop far good receiv good condit within week,1
order kod shoe money kept one month later cancel dont want buy later order lazada week receiv good,-1
nice product good ship fee afford product keep good work team,1
deliv time good condit,1
good shop u need one,1
far good good shop platform far order receiv accur,1
first experi good,1
purchas came defect never show refund refut email lost updat howev last month shipment improv lot defect,1
good user friendli,1
anoth good platform onlin purchas,1
great app shop hassl free addict,1
updat tri turn wifi use data login instead work would advic unabl login tri use data instead updat tri log time shake still unabl login alreadi miss shake sinc yesterday use samsung tri login phone well imposs error messag couldnt add thing cart kept say network error pleas tri later thought might phone problem uninstal instal cant even login keep say thing network error pmeas tri later seem like one face problem custom servic avail mon fri mean one help us suppos make purchas later disappoint pleas fix deal,-1
accident select confirm receiv alreadi msg check track number statu indic confirm lost msg went mia day get payment get noth get refund back email support time repli,-1
great discount everi,1
love use stop other thing want reason price,1
good,1
good reliabl shop experi would good support pre order sale well,1
good,1
product gener reason good qualiti greatest perk shop would price product definit healthi wallet continu purchas via,1
provid good platform onlin shop,1
wide choic n product cheapest far good must homework b purchas,1
custom servic good deliveri charg reason enjoy shop shortli find hard call phone unabl get,1
good thing deliverd quickli find bit disapoint receiv wrong product otherwis realli nice onlin shop,1
good price cheaper howev cancel never ship without notifi unless check notif warranti refund good reli ble,1
smooth interfac decent amount push notif disappoint fine print polici coin usag cap uninstal co know els go fine print weird polici,-1
great shop w mani good deal cheaper app,1
experi great usual go onlin store sure read review receiv bought give review help buyer respons,1
varieti great qualiti deliveri time vari,1
alway feel safe make purchas good experi,1
great shop platform far good,1
good place shop product good n cheap reliabl servic staff help staff,1
great easi simpl step buyer shop onlin,1
good cheaper,1
good servic,1
good onlin shop receiv packag good condit,1
great far good receiv shown ensur read review feedback buyer see genuin,1
user friendli pack full stuff variou choic numer shop refund cancel valid reason process effici althou incid owner aint amiabl reject request refund even gd reason also littl troublesom owner request send back howev still mani good shop nice help owner tri shop endlessli,1
good experi thu far,1
good app coin realli good,1
good onlin shop experi vast varieti good avail platform,1
love shop lot varieti price reason find anyth want shop becom part daili routin,1
use year great easi use wide rang product price reason,1
worth recommend use platform feel like scam,-1
far great experi onlin purchas deliveri prompt track thank wonder experi definit come back sg,1
well pack receiv good price,1
great,1
good,1
overal good onlin shop platform respons reliabl,1
good platform,1
good unexpect,1
good buy app,1
user friendli n feel happi shop great job,1
cancel refund reason wait week receiv infor shipment ninja deliveri parcel date cancel parcel reason complain repli servic,-1
terribl deliveri ethic disput resolut highli irrespons deliveri guy left parcel water meter area without even send messag inform parcel left till rais request refund receiv though say deliv worst thing resolv disput without verifi found total disappoint handl disput total loss confid,-1
fun shop good discount,1
look good,1
good,1
disappoint deliveri timelin alway arriv like wk idk use taobao,-1
good shop experi easi good recommend,1
love onlin move qoo carousel,1
far experi good,1
love brows around user friendli app,1
good place compar price downsid see real qualiti care price import cours subject perspect,1
one fave onlin shop site queri problem handl solv effici team great shop experi,1
good onlin market platform mani choos reason price good custom servic peopl,1
great shop experi reson price love ship rate afford keep overal satifact,1
good place shop,1
user friendli great discount,1
order simpl tactic boot yet receiv atlast repli chat supplier stock refund column claim refund money burn,-1
great platform buy everyth,1
good,1
first time buy got cancel wait day cannot deliv area wait day refund,-1
easi monitor good deliveri compar similar product time like previous even better receiv product dealer press wrongli submit button fill rate way fill remain rate make miss lot coin hope app improv,1
hellooo goddamn refund nearli month ive wait email u u repli isit get momey return custom refund an long month alrdi leh u say june wait day wait mani month alrdi,-1
fast good,1
far good use month,1
great,1
good easi navig,1
great choic realli base price pay dont expect much deliveri slightli delay period thoigh,1
encount horribl respond enquiri phone number even activ without valid busi address look like need improv ecosystem otherwis full scam wast time effort chase updat order one thing improv show mani percentag ship time long averag delay custom know expect,-1
could great unfortun even start sell verifi phone number mean sell look forward fix abl tri,-1
good,1
good respons deliveri refund feedback kudo one best onlin shop singapor,1
full fake vendor purchas product suddenli stock tri replac lower qualiti product price cours also cheat deposit cannot refund check support team told need close account get email get deposit back week close email shopp simpli rob wast time competitor seriou honest,-1
shop experi get better like notif deliveri schedul purchas abil commun make payment easi credit card cancel refund also easi far happi experi search competit price product comparison also easi use upload mani pictur product allow buyer see fulli understand product well,1
good onlin shop,1
custom servic mention mani refund case handl con case fake cert fake product anoth sent bottl order yet releas money rais disput refund took donkey week month wonder platform becom con platform sad,-1
fast free cheap way purchas thing onlin love,1
updat buyer pdt statu hv problem tri pay via credit card hv use bank transfer good thing transact still go,1
use think pretti good recent updat like click shop see product importantli see list notif get prompt upload product start sell pleas give heart attack quickli withdrew money case record disappear,-1
love easi use found mani good deal,1
good deal,1
stop onlin shop sinc happen buy product great fun onlin platform thank relight fire shop star,1
room improv co encount scammer told deal outsid engag detect flush lowlif,1
great feel simpl use fast n laggi great platform,1
overal love whole layout sometim use long start lag that con easi navig clean user surfac,1
good app recommend,1
good fast never crash fast,1
lousi backdat refer friend friend partic event without first purchas system deni friend entitl first purchas give referr voucher dollar live chat team consist low level knowledg team help resolv system error system disappoint,-1
fav shop price better platform navig speedi despit featur pack search result top sale use imag search great activ voucher etc reward lag occasion,1
spam send messag ask cancel order co stock request cancel order never react pleas allow cancel order refund asap want uninstal refund done,-1
far good,1
buy experi good,1
good shop app,1
good mix merchant product experienc slow occasion,1
great onlin platform far good,1
far good shop experi,1
love easi onlin shop,1
refund easi,1
find great deal nice got rogu dealer glad refund,1
gener good must watch scam,1
far good,1
good buyer given right cancel purcha ship rather wait approv howev star easi lucki draw credit back even u win cours hope win soon,1
love user interfac excel conveni buyer come look gentlexmonst,1
found great deal far big problem use quit slow,1
good shop experi less deliveri charger hope add product,1
great sometim confus pay use voucher,1
simpl great experi fast deliveri,1
good,1
good servic,1
good except mayb stock even display stock avail,1
complain reliabl purchas came good condit,1
tri process payment past day wont let keep ask tap load tri instal avail dissapoint good,-1
good experi far search could improv overal prefer mobil shop app,1
offer good deal hope remov sell fake,1
nd onlin shop like st onlin shop like qoo hope gave voucher like qoo gave vip gold sliver green membership reward whose buy lot onlin shop get free membership reward discount price purchas buy lot thing hope u could improv far good disappoint deliveri order,1
good deliveri fast,1
fun way shop uniqu game good offer,1
ship inconsist fast slow otherwis star great shop,1
good deal simpl use clear ui respons,1
best onlin shop use easi use wide varieti good competit price payment guarante till order deliv,1
coin scammer,-1
love,1
unabl rate whose send wrong damag product refund approv henc unabl alert futur buyer notic actual make use loophol play trick wrong order fulfil sinc behaviour expos,-1
custom servic go beyond check shipment statu base last day receiv good,-1
great shop lot choic,1
far good except china promis exchang faulti game set fail deliv overal easi buy fr platform,1
worst custom servic zero consum protect respons bought someth voucher promot wait two month get complain custom servic noth done part except ask wait transact cancel refund money noth done wast time promot keep end improv custom servic,-1
great could use clean though much go home page,1
great onlin shop app,1
unfortun bought sale counterfeit good sell counterfeit origin ad put sale counterfeit sale first page yet didnt anyth think aliexpress qoo still better hope settl issu soon,-1
frequent user app need strict rule requir appli smooth transact buyer list stock end day need go refund process encount mani time request cancel order updat price wrongli honest inform stock partial still proceed shipment rest,1
servic realli recent use buy travel kit ship wrong request return refund contact process till still respons realli think could improv buy anyth trust happen,-1
one best onlin shop app great deal offer make purchas countri much easier improv could made term load speed add special caus slow lag relook ship cost time cost less ship cost said rare receiv order compar buy site,1
great onlin shop,1
good onlin shop,1
shopeewasuselessineveryshap form broughtaextensionplugonlyforittomelt releasetox carcinogen staffdidnotrespondtoanyofmyreport mail sellerdidnotreplynorgivefullrefund atotalscam iprayforothersthattheydidnotsufferthesamefateasm slowsellerstoship slowship englishcannotbeunderstoodbysomesel reportingisuselessasnofeedbackornotificationisgotten theonlyplusisthepricepoint whichgotmewritingthisreview trynottotrust youmightjustendupinaworsersituationthenm extensionplugstillbeingsold gg,-1
great platform great wish stop use ninja van troubl worth,1
prefer cant even trust disappoint full scam,-1
good better flash sale coupon especi critic time like,1
good,1
good custom servic provid,1
great easi purchas thank,1
good n custom support servic,1
good shop,1
good platform find anyth sun,1
good updat place order,1
good bargain,1
disappoint cancel order automat claim ship within agre time frame without inform advanc alreadi call inform ship next day keep tell noth bco due system advis order product stock,-1
good,1
take age load stuck payment part hour one whole day still unabl load first time use definit give good impress,-1
great use covid situat never done onlin groceri shop much discount free deliveri great experi,1
great shop safe travel,1
good,1
good,1
reason price good product,1
good bargain qualiti product alway use,1
good n nice like,1
want get autsium child educ toy keep ask code appli code receiv disappoint,-1
good shop lot good deal still fraudul mum bought toy got scotch tape instead hope help resolv,1
good easi use,1
good line shop experi n lot good deal,1
easi use good product onlin,1
first time tri buy thing good say deal time experi differ first product came broken second one ship week despit tell ship sever time kind qualiti product cheap price bewar,-1
good deal product admin eta deliveri date pretti accur,1
varieti thing best receiv amount deduct love thing cheap uniqu,1
claim deliv deliv first claim deliv untru next day said sent back said sent back claim refund reject refund also get back stop payment purchas lost receiv buyer bewar trust platform,-1
good app enjoy onlin shop sg,1
one best deal good experi custom servic pretti quick respons help,1
good app recommend everyon use earn reward point purchas around world,1
unabl click refund miss purchas tri submit refund respons,-1
great shop afford price,1
good prompt custom servic good gui product select,1
easi use wide varieti product good gener cheaper outsid shop especi daili voucher rebat,1
new updat version full error unabl load bank account page due unknown error clear cach log instal app help seek troubleshoot team solut fail end drag revert back close case satisfi experi updat regret greatli,-1
good deal bargain varieti product brand,1
great find almost want,1
good first shop onlin receiv local first purchas got week cb period china purchas receiv yet wonder packag air frieght sea frieght wait lor,1
lot good deal easi use,1
unabl log use facebook connect page keep refresh tri log method new sign page refresh disappoint,-1
easi shop shower good deliv fast,1
good,1
far good,1
good qoo also trustabl,1
excel onlin shop multipl product great price super fast ship,1
love shop varieti,1
tri friend suggest work fine trial purchas notifi deliveri date shipment check receiv good great detail servic place delight make anoth purchas via select cart checkout got stall payment option page prompt tap load could see load icon motion unfortun see progress next suggest step restart phone log sadli load icon still load motion uninstal sinc,-1
far differ deliveri last mile custom experi posit tri onlin sale site far good overal best hope focu maintain standard,1
point good platform support sell poor qualiti custom servic ignor,-1
good cheap buy alway found,1
first time bought receiv good condit correct fast,1
far good,1
good chip mostli broken receiv,1
deliveri good proper custom support readi solv disput worst custom support,-1
good,-1
like creativ game everyth great far,1
good servic time congratul,1
good,1
second year far good recent covid order much product still enjoy shop thank,1
good altern taobao,1
great shop experi,1
sometim never follow instruct state deliveri time must pm still deliveri even say cant find locat realli disappoint overal still room improv hope see tq,1
good,1
round great get buy stuff oversea typic singapor great deal would better though clamp sell counterfeit also user updat review sever month share product work long term,1
use love,1
actual iam satisfi use app buy stuff bit dissapoint slow respon one problem didnt get refund yet,1
reliabl onlin shop experi bought mani thing far good,1
good shop,1
purchas big prize scam prize never got feedback custom servic help pleas care tri avoid purchas custom servic,-1
good import cheaper buyer respond queri fast also deliveri fast,1
good easi use shopeepay payment secur set password secur,1
far good purchas first experi pleasant far,1
bewar sell counterfeit product get refund,-1
mani fake sold sell fake brand good,-1
good shop platform save fast,1
overal great shop experi would better take better step verifi scammer job persuad refund let continu scam one victim,-1
easi platform shop good worth buy good deal price far issu variou purchas,1
good special period restrict movement,1
good site great custom experi buy right could well price integr throughout,1
alway good ecperi far buy stuff recommend,1
awesom reward great choic product,1
great shop easili buy,1
easi use fast deliveri effici servic easi refund procedur also miss wrong one,1
oh man got shopper life chang greatli could never shoot penalti shop download becom incred score goal video score goal youtub show youtub download shoppeeee u want awesom,-1
great shop,1
victim unscrupul keep say protect buyer insur pay lip servic buyer zero buyer protect warn buy like user review googl map allow cancel even merchant ship enabl abet scam consid legal action frequent ignor consum right,-1
great platform allow buyer get thing lower rate price especi flash deal section realli enjoy shop thank,1
good onlin shop mall much brows hv difficult find direct querri respond,1
good platform buy product better price,1
start use like mani free shop inde find good deal,1
great everyth alway good condit reciev wide rang product good price even collect coin pay less product use highli recommend,1
chang disadvantag custom certainli keep eye new rival better shop platform think custom game work properli keep issu like catch hat flip found mous get coin farm friend even though allow permiss contact frustrat disappoint,-1
far good,1
nice e commerc onlin shop shop one point need point remark session inform deliveri expect great,1
good n fast deliveri,1
great shop good nice insur form guarante ensur receiv product good condit otherwis request refund return howev one slight problem edit photo first upload review rate bit hassl solut use camera featur,1
wish refund process much faster,1
bias platform side buyer word came csr abl delet rate buyer without consent buyer henc imposs know platform reput even base rate dishonest abl remov rate buyer look good recommend unfair platform other,-1
good spend money bore,1
order last decemb ship decemb told product arriv day would br approxim dec decemb said order complet yet receiv order told either resend refund say order complet,-1
easi use mani good deal,1
good,1
far good receiv true advert,1
good simpl use,1
good,1
full scammer,-1
bought look like pictur good qualiti sometim product look like pictur alway check review first ask pictur product,1
releas payment defect rais disput relev depart kept ask send video photo th time today week still unresolv accept paypal payment therefor buyer protect good defect,-1
good servic,1
user friendli find great deal flash sale sold reason price,1
good,1
first time download get scam app get money wont believ instal order bag until still get bag ask return back money ignor until find until get money back recommend app famili friend app cannot recommend,-1
first transact good,1
far good,1
lousi refund polici side resolut non exist unscrupul thrive refus refund offer discount next purchas hell would even order cheat alreadi,-1
shopeepay wallet unabl refund topup back bank account hope user see top state clearli support team abl anyth either except tell unfortun,-1
good,1
great onlin shop almost true pictur quick deliveri,1
good,-1
good onlin shop,1
love shop,1
although process deliveri slow due covid sent good condit,1
great shop offer good price howev coin difficult earn,1
good,1
good make worri,1
great,1
horribl instal payment go bank deduct server work given vari advic like wait hour tri make payment uninstal tri promo code discount taken away pay complain custom svc offic impli uncoop wast time risk payment scam took entitl ask speak manag one call,-1
great shop best price town would give star search option fix use search voucher code pleas fix,1
good get good deal,1
good n friendli vendor need educ pr otherwis better current one low ship cost anoth pull factor,1
user friendli good platform especi commun function buyer n unlik platform abl commut,1
easi use releas payment supplier satisfi product even refund money fast hassl shop onlin,1
good platform buy product need simplifi eas identifi local electr product indic global firmwar,1
site public none stock good cargo fast,1
far supplier deal great,1
good deal lot rang product well support custom servic disput,1
great stuff onlin prompt deliveri great servic,1
overal good buy experi,1
good,1
great use product afford although may best qualiti like ship detail give estim time arriv also easi compar price similar product,1
agre buyer good till deal cant manag mega sale dont cant purchas custom servic cant even address issu total disappoint sinc even till load deal seem problem whether use wifi data,-1
pretti nice could deliv option button instead count n need us extend time even receiv itm still need ask refund abit troublesom especi busi work famili life,1
good cheap,1
great lot freebi buy keep,1
experi good bring world market doorstep good reward system,1
great part deliev miss,1
love much shop everyday haha,1
good,1
rel new purchas far good shop experi problem requir refund hope buyer friendli aliexpress made purchas three improv need tab game would direct current need go level play wish search similar imag tab filter featur sluggish messi,1
good,1
good cheap buy,1
bait consum offer deliv promis schedul wait refund wast time,-1
care new scriber purchas someth caus receiv order abl reject refund unaccept protect buyer help center even respond feedback,-1
good site,1
bought sever use deal local excel howev foreign untrustworthi support case bought work foreign engag respons sever day respons came solut offer engag support repli ask wait day wait week respons tri contact non respons buy product foreign risk support thereaft want give star nope sinc foreign big part dont deserv extra star disappoint,-1
lot product compar flash deal great product cost super low,1
definit great shop singapor find afford compar platform physic store setback well crash lag sometim top sell mayb consid sell servic similar fave eatigo etc,1
great find cheap good product far order good work well veru use,1
good sevic,1
know reason instal lazada deliveri servic forth honest expect surpris great servic featur discount could go forev deliveri servic also amaz cheap well great shop,1
good,1
offer similar good cheaper price compar establish local q platform,1
alway good suddenli view cart tri chat help centr yet solut,-1
disappoint refund option contact directli send screenshot instead ive alreadi send requir fact video custom servic personnel still need anoth step product receiv alreadi defect still need go hassl,-1
good easi buy,1
love,1
good servic,1
good,1
far good,1
good,1
ph scammer,-1
shopp ur deliveri screw big time one simpl small u took almost month ninja van say sent till receiv noth pl dont wast time accept request refund dont cheat ppl money guy think twice b u want l use shop,-1
lot good discount mani found spore found om shopp,1
realli love great product cheap price worth cours read review purchas issu mostli,1
reason price good condit great respons trust,1
alert buy anyth cheat money worst shop site ever never give product scam scam scam,-1
good app ui make shop onlin easi great discount coupon sale merchant hope store sale give coupon bank give discount use card,1
wide rang product lot rebat good deal practic bought someth everyday lockdown,1
first time buy good experi shop often,1
price good product much descript,1
great,1
made purchas mostli good one messag request star steamer receiv dent side hope feedback channel custom report,1
problem becom problem ask wait long long money back disappoint,-1
mani free ship mani choos abl choos cheapest one review direct chat good like shopp coin expiri date add stress shop experi minu star,1
great platform buyer easi fuss free complet transact provid product list,1
thank sg good deal,1
gd initi gotten scam onlin order hard glass case phone receiv plain transpar rubber case phone initi refund wait respon way report scammer xiaomi offici global store gave voucher reorder miss due cni xiaomi mail order system auto cancel order wait xiaomi respon,-1
good servic,1
good,1
good,1
good onlin shop price product happi shop highli recommend,1
great shop experi,1
good love use app,1
good shop,1
wide rang product good price,1
sorri say bit weird day prepar send good understand mayb get readi better way good hand send good asap right payment confirm realiz even reach onlin first time user servic bot realli disappoint human be day maximum good readi otherwis put good websit,-1
good e,1
good offer use voucher equal offer good servic product purchas experi miss lag sometim biggi though,1
gener good experi purchas via recommend,1
great varieti product,1
good mani great deal daili,1
good,1
order updat enabl notif get unwant notif everi day social updat junk like shopeesg publish new post watch shopeesg live clearli uninterest otherwis good,-1
good thing one confirm releas payment reciev,1
pleas buy caution refund process receiv tediou protect buyer,-1
scam app view purchas make payment purchas folder prompt download client view folder client download success either user account disappear day close open app app miss hp terribl app rm big deal either realli annoy cheat app advertis tv hari raya,-1
feel good order,1
shop notifi first receiv good therefor make decis purchas mani sell name price mostli afford product good qualiti love shop,1
great easi use easier place order,1
great shop platform issu refund slow want cancel chang inform deal suggest refund faster hr shop deliveri ship one learn taobao fast even intern case,1
good,1
initi thought great mani competit cheap price howev recent problem whenev add someth cart return home page troublesom want order thing differ colour annoy time,-1
good shop statu purchas well track everi stage addit one plu point buyer contact thru well done,1
gener good face problem particular lag game sinc latest updat also updat phone os sure caus lag hope team rectifi,1
user friendli easi navig shop eas good,1
good product simpl user interfac abl interact earn redempt coin play game review rate system made purchas easier enjoy shop got say chang percept toward onlin shop,1
love differ way run busi game free coin love,1
satisfi purchas experi good deal time,1
way get rid buy display page great seamless transact,1
deliveri good servic servic,-1
good,1
offer great price,1
love way servic love way pick nice,1
terribl glitchi hell caus rucku made look like idiot mistak made instead assist fix issu even cant noth parcel file disput refus refund realli gonna get lot stuff platform look issu handl would rather shop elsewher amount servic provid,-1
servic good,1
well mirco sd card order need refund till faulti custom servic ask wait week week believ th week overal shop great buy electr stuff pleas dont buy,-1
good,1
love shop find alot reason stuff easi use,1
lot stuff search good bargain,1
worth risk money purchas servic handl disput absolut horrend side reject return refund request even evid provid proof receiv defect would give star abl,-1
great place shop great deal excel servic,1
price good howev hate deliveri time take mth deliveri becam wors miss ninja van appoint respons sinc wait deliveri ninja van sinc serious chabg deliveri vendor,-1
mani stock u purchas refund cancel order advis order,-1
great marketplac never experi yet load voucher easi redeem,1
shop make easi love offer wide rang product,1
easi use lot varieti transact smooth even refund process wrong deliv quick,1
good reason fast deliveri,1
easi use user friendli navig around easili nice cashback coin incent good job,1
request refund meant self collect ask return product receiv first place respons despit email queri,-1
gd experi deliv love,1
unhappi order get wrong ask cancel refund give voucher instead refund mean fhave buy ask refund understand even help even alreadi show explain problem,-1
shop experi far good local deliveri fast qualiti good,1
arriv good shape take long,1
costum servic wack isnt made well entir compani scam stan lazada,-1
disappoint frustrat slice game allow user use coin get anoth chanc howev updat score rank everi time use coin play play least time alreadi rank still scam,-1
cb period enjoy shop onlin thank make thing want good condit,1
good product reason price prepar pepper notif cannot turn worst live infomerci session indescrib terribl,-1
good overal easi use shop sometim lag check overal experi great,1
love take time use coz im good read us dollor chang php peso,-1
great app,1
due covid abit worri order oversea good custom servic fast repli email,1
good use recommend hope new cheap product discount oh free ship thrice month would great idea dontchathink peac,1
great shop,1
great mani offer bewar oversea purchas check review make sure price good true especi electron accessori,1
basic get anyth want great place onlin shop,1
good,1
use platform onlin order effici refund order receiv issu settl promptli call custom servic worri credit card inform detail store system hope fulli protect,1
satisfi purchas still thing look good pictur arriv bit disappoint,1
problem stabil mani time fail load lazada place good deal ebay longer best place deal polici protect buyer keep,1
good,1
easi platform shop buy far legit good,1
alert buy anyth cheat money worst shop site ever never give product scam scam scam,-1
hello paid receiv ninja email back alreadi deliv ti paid scam need custom servic give answer to pl,-1
feel platform safe ye irrespons sell product defect seem pretti easi exchang refund money releas agre well,1
far servic good,1
good,1
horribl ui return refund process design confus one reason mind pay amazon us us vendor get unparallel custom servic use platform,-1
good platform decent varieti product,1
everyth good howev part mani actual dont repli chat within defeat purpos messag function mayb guy improvis chat system provid benefit custom buy rate instead rate product,1
great onlin shop platform look forward improv good deal afford price better servic,1
would great accept payment net,1
pleas avoid use platform especi big purchas felt like scam gave huge coin promot valid coin mere month purchas use earn coin limit quantiti allow usag coin one shot realli essenti store spend regularli end coin forfeit lost worth coin,-1
good receiv pay buy yr risk,-1
buy till came across bbmsg realli side sure go trust onlin brought doesnt fix model col also match insist right n unfriendli want refund disput anyhow releas payment fund realli salut shopp assist scam gonna delet app use back ezbuy use yr back,-1
love escrow system well help support staff keep good work,1
disappoint local home deliveri improv servic becom downgrad servic local deliveri week receiv write local deliveri work day time use purchas onlin last time good deliveri local day handov home deliveri compani know deliveri compani keep day store improv star,-1
great,1
experi first buy shopp bot paid one told stock cancel order anoth bit deliv chat told anoth stock ask refund repli ok refund receiv,-1
good like,1
easi buy product daili mostli fast deliveri great compar product price unlik onlin shop,1
good place shop,1
worst return almost imposs adam qualiti cloth also good size measur appropri alway mislead cuatom,-1
lag time good,1
good servic,1
great,1
easier purchas experi great,1
great,1
get good deal great price,1
great onlin shop experi although fake like onlin shop think handl well refund fast got spoil fake product,1
easi use track good n fast deliveri continu explor,1
good discount need better search algorithm,1
good,1
less month sinc join experi follow notifi got voucher voucher system checkout ghost system remind appear event finish suppos set alarm clock deliveri never came system prompt deliv know singatur realli trust worthli think close good,-1
first time order store good trust ask store click purchas covid epidem time stay safe ya,1
st time tri got experi wait long respond need refund await approv,-1
good servic,1
good shop go overboard shop good stuff especi household littl buggi time henc star product page sometim load rare,1
quit good alway interest game win coin except mayb time play bit odd work peopl,1
good varieti low price,1
exactli good experi shop page load slowli voucher claim shown wallet pleas improv issu,-1
great experi shop onlin circuit breaker,1
nice fast deliveri good product find thank,1
vri good buy e thing n deliveri home receiv e msg,1
great top onlin market,1
horribl experi bought never receiv ask refund call investig find proof ship pl check neighbour post box use track number check deliveri compani without consent payment releas buyer right platform horribl worst shop ever use,-1
scam app abl give star happi cheater doesnt help much cheap believ,-1
app good slowdown realtim updat festiv sale due traffic,1
good,1
enjoy good price,1
good experi user interfac easi use track deliveri,1
product r cheaper attitud nice u give good comment,1
good onlin shop lot found far satisfi get want although ship delay took quit long receiv worth wait caus qualiti good receiv describ,1
good place shop,1
great onlin shop mani discount cashback option,1
good servic receiv product fast pictur,1
love sprite lipstick,1
good servic,1
system suck take page amazon deduct payment ship give buyer time reconsid cancel order sadli hold might take week ship stuck would never buy anyth use anymor addit note requir handl return unlik lazada provid return servic anoth good reason use,-1
receiv purchas protect buyer assist refund told contact directli told contact platform onlin shop shame,-1
far quit respons account price attract well wide rang product avail though tend suddenli lag time time close reopen far good,1
great lot discount,1
great shop platform easi understand use,1
good easi n truste,1
good product qualiti,1
great allow compar differ reciev coin use next purchas,1
love,1
great app,1
got time buy got time receiv differ ever met buy dollar shop differ display photo price look like dollar applic manag attitud poor better buy taobao ori app qualiti assur refund,-1
good hope someth aboit sell fake good,1
scam scam scam worst shop site ever take money never give product,-1
love,1
sell mani thing good price brows everyday,1
user interfac good howev buy accept order without confirm stock result order cancel,1
conveni wide varieti product good price fast deliveri,1
great price reason ship time overal good experi thank,1
lag scroll took get next page love pleas fix,1
far good till fail protect dishonest,-1
great servic,1
good,1
disappoint servic provid alot spam product list platform wherebi deliv differ brand qualiti advertis refund return process complic end buyer accept also still allow sell spam product although report via email prove henc case never take action protect consum,-1
awesom made great purchas staff onlin patient littl slow come deal damag,1
good experi favourit shop although sometim deliveri partner use effici,1
far good experi buyer particular happi fast collect incom,1
shop via sinc last year good platform search esp tri time thank stay safe,1
disput refus give back money protect disput cancel give stupid reason call disput team contact never contact experi good luck order might get lost might get money back call custom servic ask wait,-1
good platform buy onlin lot beauti interest stuff,1
far good mani thing w reason price tag,1
deliveri fast qualiti product good,1
purchas receiv promis good condit,1
good,1
warn singapor buyer recent purchas stuff sent faulti product within certain time frame didnt get back return product schedul releas payment finish transact without get back refund serious feel like scam dont feel safe shop platform,-1
good onlin shop,1
order lost money didnt get good refund yet,-1
good lot thing buy afford price,1
platform full counterfeit product fake warranti card counterfeit product made china action taken even though u report importantli refund button total useless u even refund although u sent evid prove sent u counterfeit product violat tnc bewar u wan shop sell u counterfeit product unreason price disappoint,-1
love,1
good transect,1
dishonest platform cash back coupon appli make payment receiv receiv coin instead coin custom servic keep say coupon appli ask screen shot make payment realli fxxk screen shot make payment think twice buy ba good luck u allllll,-1
coin scam coin expir tri use guid buy write support respons day uninstal,-1
great bargain found,1
good sale,1
good condit fast deliveri,1
great platform love free ship option,1
big prize believ otherwis good,1
great shop experi,1
reliabl transact purchas need clear payment upon receipt good satisfi good demand refund good ship accord schedul date receiv good time give refund,1
far good easi use platform product qualiti usual match valu,1
happi thing need afford easi use conveni like work mum got enough time shop tri onlin shop end disappoint complet like come onlin shop thank,1
v good,1
alot varieti thing see buy awesom price great,1
good experi tq,1
avid support anoth onlin shop brand option confirm sale deliveri done much better atleast tri order abil confirm make return certain great job team,1
late shop sg order china great,-1
good,1
excel love buy thing shore thing afford,1
great easi use intuit tend crash big sale period,1
great shop everyth look payment secur import,1
great buy stuff rate star recent coin suddenli went disappear,1
far good,1
easi use quick buy good qualiti,1
good good,1
wouldnt use ever order boot mat car got sent roll sticki tape took forev get refund want delet account tell shipment sent wait payment actual look see order one shipment sent wrong refund want delet account advic use,-1
overal good experi respons support via live chat howev still need time familiaris featur interfac use previou shop anoth compani read review other remind problem encount frequent would hang randomli close open work would gripe,1
good,1
good experi howev use samsung brows sometim brows mani page might get abit laggi,1
love everi purchas,1
good app,1
deliveri time product good qualiti,1
good store need work annoy see ad product mistakenli actual product search ad logo need red orang gray colour let user custom know ad,1
easi breez shop u find realli good bargain deal,1
good platform sourc reason offer,1
easi use wide rang product great discount notic slow keep brows long time close start,1
numer date nice design price also reason alway find valu money great shop experi especi festiv season near need buy gift alway turn brows great varieti find valu money also quick respond issu relat purchas return would recommend friend buyer,1
great deal far easi transact encount yet never hope,1
huge varieti great price whole shop experi easi,1
easi use mani great offer,1
use buy thing wish found recent realli love compar kind bought wish price mostli cheaper qualiti better,1
good check bought came good nice packag,1
fast respons fast deliveri good qualiti thank,1
good platform onlin shop,1
great platform easi purchas product,1
great place find thing want compar price differ,1
good easi use,1
easi use larg error free good rang product suit budget,1
good,1
good shop experi price cheaper other platform discount voucher get refund support buyer protect,1
good,1
good,1
far purchas receiv good condit,1
great cheap deal mani discount issu sure product real fake sometim ship fast free,1
great product best price thank,1
good,1
suck la ui serious damn dumb payment page peopl go pay cheer stupid payment page scam less peopl use voucher coupon code co go back mean voucher coupon code appli gone alreadi rais queri say get back within day week alreadi still word wors servic ever delet receiv delet account,-1
definit great platform onlin shop hope varieti choos,1
shopper favourit onlin shop platform user friendli good deal especi secur shopper guarante keep good work team,1
great time shop home conveni reliabl,1
great applic get discount purchas,1
easi use quit reliabl platform track payment order submiss ship inform money releas good rec well confirm buyer coin reward encourag user comment user read other review purchas,1
good give troubl costom case make complic ask refund honest,-1
good fast deliveri cheap price discount,1
crash user tri refund cannot get refund irrespons pleas take action,-1
overal good plarform onlin shop,1
good varieti recent notic shopp frequent lag hang must exit app n go overal experi still good hope small issu resolv,1
great shop mostli want found thx,1
easi shop love,1
great platform purchas team extend help hand u encount issu respons act readi creat sunni day u cheer,1
platform may good vendor irrespons updat delay someth regard order vendor even respons quickli,-1
great discount deal found search patienc,1
user friendli good servic order deliveri,1
great way shop without leav home order deliv time manner good receiv particular date refund effect take away uncertainti onlin shop,1
friendli navig downsid descript detail pictur overal still great use,1
review censor mostli fake review other price good especi low deliveri cost buy brand pl cautiou,-1
great love shop buy thing wors experi deliveri compani self declar deliv signatur receiv want lose great onlin shop pleas look serious,-1
easi find stuff never disappoint,1
good,1
great lag time,1
inconsider custom servic suddenli chang minimum spend fine print refus refund even though term condit say non refund,-1
platform anyhow ban account worst platform good discount voucher hope u dun ban acc,-1
great servic alway,1
good best,1
good,1
good releas money done recipi confirm receipt,1
best shop ever tho u need alert scammer,1
shop good need alot time deliveri,1
shopp total disappoint cheat call free deliveri esp purchas larg amt claim stock payment got stock jist claim deliveri fare check woth thw shop owne said ot ne problem disappoint,-1
bought qualiti ok except disappoint sent talli descript sometim size much smaller expect,1
good easi,1
love deliveri call n make sure u home n give code confirm,1
great,1
good,1
good,1
good,1
cheap love product ship wait take time,1
good ecommerc store altern lazada q,1
happi reciv order receiv good condit give start,1
payment easi shipment time better onlin shop covid circuit breaker contactless deliveri good notif prompt,1
use love howev recent updat auto log cant sign back receiv cant seen appear delet reason,-1
good platform reliabl,1
deal good app sometim lag,1
fast deliveri well pack protect custom good,1
far good moment,1
experi receiv spoilt superd sg ask send new one refund want refund say send new one buy next new order send togeth new order think stupid buy superd sg cheat time enough,-1
disappoint chase custom servic help add phone number address account imagin simpl task ad phone number address gotten frustrat neither websit allow enter phone start number issu still open,-1
good,-1
love shop easi use product avail rel cheaper retail store,1
start use work alright one major problem would lower qualiti photo sharpen function adjust product look good want would great team work issu cheer,1
good servic flash deal lucki draw,1
use order taobao carousel longer found ship fee cheap fast even covid situat good qualiti new spend hundr wk excit receiv mini sew machin kitchen utensil bake tray happi custom highli recommend,1
use good late problem upload receipt transfer receipt photo pc use ie chrome upload receipt frustrat,-1
great shop experi,1
good onlin shop platform never receiv anyth fake feel secur use applic lot amaz deal game earn coin,1
good experi far,1
bought receiv good order nice pack,1
great,1
good,1
disappoint recent softwat updat cant use anymor disappoint help team solut ask use via desktop aint happen alway use handphon,-1
realli love receiv discount n coupon thumb postag fee charg accord weight fair buyer n edit nov see improv cheaper ship fee oversea deliveri time hv shorten fr wk wk well done still room improv eg promo product still lowest price,1
receiv good condit,1
user friendli custom servic far great,1
thrash platform hotlin help chang deliveri address contact logist provid make chang good job provid excel custom support close call centr see benefit provid qoo offer better servic first last time purchas repli chanc lifetim guess guy gave number call two day yet get respond,-1
transact scammer lurk differ pseudo,-1
good better howev appear give wish lazada run money disappoint sinc start use,1
great shop experi,1
satisfi purchas thru use ningja van deliveri compani good choic,1
compani scam blink blackpink fan meet june compani integr,-1
good conveni lot varieti choic,1
good shop experi expect,1
good experi shop circuit breaker period play game collect coin deduct purchas fun enjoy use lot find liter everyth want need cheaper reason price thumb,1
good experi great shop platform,1
good,1
great,1
love stuff cannot find platform hope paylah payment payment still hassl,1
love buy alot stuff pay conveni get alot steal well,1
app great custom servic provid poor unprofession purchas send wrong faulti request advis return replac custom servic noth assist issu disappoint,-1
far good,1
realli love shop r cheap n usual come describ much issu ship n deliveri disput resolv properli custom servic highli recommend,1
rate ad piss edit haha nice bot thank everyon rate good job ignor critic review given learn appli level denial job saf,-1
easi shop great price offer,1
perform horribl anyth newest flagship sure good deal get deal less frustrat,-1
good quick express,1
scam protect buyer staff even lie consum refund polici use risk,-1
good,1
total disappoint worst custom servic,-1
scam problem resolv team care,-1
love shop,1
min ship rate refund fast,1
great onlin purchas highli recommend trust,1
far good,1
love reason price,1
user experi good deliveri great design aesthet improv,1
great easi shop,1
use purchas gain trust buy howev product qualiti defect recent surg rise plu buy make disappoint advertis moreov reliabl sell long term rise think spend buy unless need,-1
usual love awesom fine till updat sale event glitchi af screen load font fli white screen kindli reactifi issu start want use platform shame good thing go,-1
good keep sometim coin didnt get,1
easi use game quit interest get use shopper coin offset part payment definit good shopper,1
user friendli onlin purchas platform pretti good deal love free gift st time purchas,1
best shop good deliv promis time love,1
good far lota deal bought almost good enough price exceed expect expect,1
good platform compar other,1
almost want get good price,1
afford user friendli great,1
love shop use usual recommend friend eversinc sale im problem glitch time time keep refresh sure problem,-1
good shop onlin,1
make afford shop realli conveni flaw like inact unrespons occassion poor qualiti great whole servic great,1
great shop event terribl server issu could even checkout anyth gave buy anyth least could get someth platform,-1
give order good,1
great onlin servic get chat enquiri even purchas highli recommend,1
far good use app fast respond notifi someth crop,1
great app easi find respons custom servic alway help u enquiri secur buyer cheat,1
great eas use abl find thing other,1
gener good shop experi need wari take action awar,1
good experi far fast ship,1
refund hassl must respons agre obvious bother respond refund return lazada still best,-1
good,1
good,1
notic sele unaccept mask tri n test disappoint refund given ppl complain n nit ban nid improv,-1
thought buyer review read encount custom servic kelli take long time repli copi past polici read pleas offend ban without good reason bewar,-1
first time use disappoint,-1
return polici good use lazada better,-1
good,1
avoid buy thing alreadi report googl fraud bought never ship anyth stop scammer let report get remov playstor dont understand rate even cant even help get money back ill make polic report also,-1
good experi use app far experi issu deliveri side review futur start spend higher price product,1
love fast deliveri,1
v good reliabl,1
alway n updat love part chat,1
scam,-1
good deal receiv good condit fast deliveri,1
nice use tie shopback still offer good price,1
far smooth transact experi arriv refund fuss free,1
easi use alway find good deal,1
great alway buy stuff save moni,1
love app much varieti good choos user friendli,1
far satisfi time arriv good condit,1
love onlin shop recommend everyon,1
custom servic execut help n patient issu thruout phone call easi use n wide varieti merchandis choos great platform buy reason price directli china guarante buyer protect satisfi,1
good normal cheaper compar app thumb,1
encount experi get sweater first first purchas second month later think could give anoth shot uninstal rip bought sweater xxxl came size ask refund made procedur even talk person sell specif valid till second time probabl worst shop site encount sorri,-1
far experi great respons respond fast forget game,1
good,1
platform notori post mislead ad send complet differ take platform refund also laughabl clearli written refund automat process day without respons yet contin follow cs frustatingli met can answer even think look order detail kept give step alreadi done mention rate,-1
great,1
great place shop lowest price offer thank,1
pretti good experi far user friendli,1
good platform one star loss due inconsist connect lack optim function wise fair,1
love shop win alot coin,1
good,1
love platform other offer alway better,1
although tool sell advanc howev realli gener sale realli get good deal often coupon code,-1
good bought mani thing price usual cheaper lazada mani shop offer free ship coupon offset ship fee also offer free coin u give rate review task price deduct check edit coupon last week electr product much expens offici brand websit googl major brand make purchas,1
result full amt voucher compens chase accept apolog disput team let support ppl apolog behalf disput team side buy english chess board piec time order get chess piec want refund chess board take moni chess piec play like hope disput team demo play chess without board draw paper play shop runrun sg,-1
fake fill scammer never got ask refund need disput claim receiv send money never got evid didnt get ask deliveri servic said didnt send rip untrustworthi happen time want tri abit worth scam everi time go live chat dont answer question avert smh bia toward,-1
far good check everyday wz coin use offset purchas,1
good,1
user interfac applic messi refund resolut tediou careless allow disput refund bargain buyer even though good defect good custom servic resolv favour experi,-1
good servic,1
great cheap price,1
fast deliveri good condit afford price,1
start use good experi far quit respons order sent day sure option choos deliveri type e courier vs snail mail good option,1
good,1
good good servic alway like purchas,1
bought electron problem buy voucher expiri log abl retriev voucher refund want buy second rate n perhap fake one look,-1
add option payment that easier add use paypal that great easier found review site cant upload vedio clip upload vedio clip show think better,1
good,1
far good deliv shown describ issu payment refund,1
pleas add cash payment method great help,1
good,1
easi simpl way chat countless good get,1
good servic,1
love,1
good love onlin shop gener cheaper especi flash sale,1
support damag product compar onlin app use lazada year even high price product happi servic found product much cheaper negat support buyer product wait refund think delet account would like say give posit feedback none deliveri good,-1
good recommend,1
experi support staff syifaa cut chat halfway know resolv matter make confus buyer submit refund request u end lose pay refund support staff polit say sorri tell u help edit apr got end agent name iqbal abruptli sure rude cs solv problem,-1
like live auction great bargain like flash sale discount price,1
great buy far,1
easi use also chat merchant purchas huge array purchas cost save price great experi far use,1
get valu time time time annoy game asid good shop,1
easi shop purchas arriv satisfi condit refund prompt henc reliabl unquestion,1
bit slow sometim overal good,1
neg side receiv good box dent condit,1
good deal use lot day,1
good experi n deliveri personnel encount far also easi use,1
great experi user friendli app,1
custom protect polici toooooooooooo prioritis scam shame fool,-1
receiv broken temper glass took pic immedi request pic refund disput email receiv instantli ask proof proof u want pic clear enough far never experi lxzxdx obviou make thing difficult us cost afford make spend hour refund best,-1
use good alway hang mani time app unabl load page brows partial photo load,-1
great lot improv sinc first join though lag day rather ignor,1
great easi use,1
time order statu order receiv good condit prompt repli,1
great onlin shop great purchas,1
love draw good onlin shop,1
enjoy shop experi custom servic great,1
good,1
good place find vast product good price,1
good deal found thru compar other,1
good,1
good easi navig deal great howev voucher better past hope see attract voucher soon,1
easi use lot product great price,1
servic good effici,1
good,1
good experi far,1
good price happi purchas,1
far great platform shop home essenti purchas lot site,1
good experi far,1
good,1
good better deal onlin shop app esp price product deliveri servic also one notch faster,1
good shop experi,1
good servic silki smooth cloth,1
good easi use fast deliveri reliabl,1
love shop,1
shop good deal good milloin shop,1
good shop experi easi interfac,1
easi peasi love servic got fast accur,1
allow refund defect good,-1
difficult go payment procedur use shoppi pay refund transfer shopp pay bank account,-1
far good,1
price attract far product receiv good condit,1
might find great deal flash deal,1
good onlin site user friendli interfac easi use,1
great shop experi,1
buyer care cannot trust rate shop hide review rate show good rate understand allow,-1
good,1
good,1
alot scammer receiv product state put complet,-1
far good,1
good platform find great deal awesom promot love best credit card partner promot way go,1
good product fast deliveri highli recommend,1
great interact shop fun game win discount voucher lucki draw,1
work well mani good deal although deal retail shop much cheaper probaabl due valu densiti,1
good app good deal,1
good shop fast deliveri,1
softwar good help center good enough sent wrong ask refund tell correct reject request recommend buy platform,-1
good,1
quit good buy coupon abit irrelev time,1
purchas product arriv soon great howev free welcom packag deliv eventu cancel shopp ask compens asnwer lousi,1
mart suck order order apr expect receiv may noth receiv till may chat live agent instead check st suggest click refund want said check updat day later ask tell refund without give reason guy j express also call ask gave detail repli despit repeatedli ask updat week,-1
good layout could better notif improv sometim randomli shout bit intimid,1
good shop platform alway use daili basi mani cheap deal star recent updat stingi coin also lesser voucher given nowaday give u voucher increas min spend requir use voucher,1
good,1
good,1
good inform servic includ deliveri inform,1
good shop experi far,1
consid good begin stage,1
faulti product refund deal good,1
love shop experi bargain,1
shopeescam,-1
happi onlin shop thank sg pleas continu good servic custom god bless,1
great commun wide rang product,1
feel safe money shop onlin great app thank,1
one prefer platform onlin shop custom servic prompt good receiv far good condit,1
good,1
dear fellow singaporean make sure whatev shop extra care although product cheap qualiti sometim ask refund say reason want cancel order tri find way order still way although u alreadi cancel n demand refund help much ask email call explain sent photo investig n etc frankli speak help lose end wast time get back refund care buy onlin product,-1
love option select zero ship fee albeit slightli longer deliveri time look forward flash deal keep,1
love shop super lag late alway hang load get frustrat pl give updat,1
great,1
bought twice far good continu purchas,1
good,1
scam never receiv good paid never bother contact,-1
good servic,1
good platform onlin purchas,1
good,1
dont respond u claim refund sent receiv u cannot leav feedback stock still sell rate left,-1
good shop,1
mani rang product great onlin shop platform,1
total scam care order china especi user myqueen sg order total sgd total qti send qti submit refund disput claim send total dishonest simpli releas payment refund could pleas refund money amount alot,-1
favourit shop thing refund exchang polici could whole lot better,1
great platform onlin shop,1
great e commenc platform hold money till confirm receiv releas money,1
repli us refund us damag return report concern action made,-1
good shop experi howev wish screen text size could bigger least allow user zoom mani time coild see promo detail instruct screen get crowd,1
good like deliveri good take week,1
use referr code referr show click checkout pope messag promo code cannot appli due abnorm activ detect even email get explan issu email receiv also explan made disappoint,-1
good purchas good true far,1
good job issu,1
great shop line thank,1
good onlin shop need pay attent scrutinis qualiti product servic,1
use via shopback get cashback howev recent notic longer part shopback disappoint overal stop use price pretti cheap receiv good condit,1
filter function need improv good similar lazada,1
user interfac bit messi love ad featur earn credit provid review set futur purchas,1
good,1
great,1
look good yet tri,1
great onlin platform wide spread merchant offer great price deliveri fee usual lower competitor,1
good shop app get find compar similar product diff read consum review star rate earn coin rebat offset purchas play game recommend,1
product good,1
didnt reciev order never got refund alrdi send back bloodi blood suck parasit,-1
great platform purchas stuff deal afford ship within mention time issu receiv,1
good use,1
platform give damn custom experi work well need request refund go extrem length give run around promis refund wallet th dec jan refund seen went differ custom agent give care custom alway end chat prematur latest one told need upload nric new wallet get refund hello pdpa,-1
start far good term deliveri packag,1
good secur pack profession deliveri notif accur easili follow first time use thank much best regsrd amylok,1
honestli one hassl free reliabl e commerc platform use bought receiv good well refund good problem look forward greater thing disappoint,1
good good bought reason afford price,1
good afford price,1
still go platform onlin purchas issu almost alway solv quickli respons rate good,1
bloodi dont want settl bloodi refund,-1
great use platform also collabor bank offer discount use credit card limit number expect great save flash sale,1
great onlin shop platform,1
miss good deal issu pay via credit card option still unresolv,-1
problem latest transact side help said done everyth ask still avail there still repli disappoint guess u lost loyal shopper,-1
great shop keep get connect issu tri add cart even uninstal instal,1
app great respons use slow need contact custom servic assist,1
lot thing search buy valu money thank good platform inde,1
good experi far tq,1
love buy much cheap lockdown,1
great hope receiv rebat,1
think realli user friendli interfac wise offer realli competit price importantli product usual good qualiti despit cheap price realli good,1
good respons local,1
good user experi,1
good,1
easi use good product great discount,1
great buy receiv good qualiti,1
quick deliveri servic good job,1
reason price good servic,1
best price good,1
love onlin shop experi deliveri time accur lot discount favorit choos,1
definit one best onlin store run promo v often direct chat function time give prompt repli deliveri retail fast mani time free payment secur releas retail good confirm receiv good order buyer definit go site onlin purchas highli recommend,1
far good,1
great onlin shop experi purchas mani,1
order cancel voucher purchas coin refund us,-1
unrespons disappoint custom servic system order auto cancel system despit fail ship product despit put cancel request still wait acknowledg servic laps custom servic,-1
love,1
enjoy shop trust platform shop good job,1
yet bit disappoint nitril glove order,1
good easi use good servic receiv damag take photo n send repli within day n get refund back like servic servic import give star,1
horribl appt keep error payment custom advis uninstal n reinstal appt still didnt solv issu dont problem qo ezbuy disappoint kind servic,-1
good app lot choic howev need filter,1
good app lousi logist order south korea china vendor china week korea week also never get day spore warehous still sort,-1
good process,1
love million star,1
good one,1
far good hope card info safe hand experi anoth onlin platform withdrew money small amount went greedi draw big thu bank alert pleas auto save card detail seem checkbox allow user click unsav thank,1
bought mani thing site recent cheaper onlin retail wait time much longer take month servic poor littl resolut defect faulti u hour make complain regard st complaint within hr ignor payment releas due oversight promis call back none get mani defect counterfeit product feel lazada better platform least u feedback high chanc refund platform full counterfeit sell fake oem product claim genuin u r screw u might well ship directli alibaba taobao,-1
product super cheap great need transfer money via atm onlin await product receiv set good qualiti second week purchas problem print bit blur ok still usabl rest perfect custom servic repli slow btw,1
clear prompt deliveri process good experi,1
purchas least send wrongli send ref ask answer long time buyer q total abt purchas zero shortfal actual even one star shield neg load app purchas good luck,-1
good,1
good,1
love free ship sometim want get best place sometim buggi crash close reopen,1
useless china scammer,-1
great shop price afford qualiti good far hope use shop philippin well chang currenc singapor use sg unlik app chang countri currenc prefer,1
excel great,1
realli good sometim major promo period experi lag,1
good,1
great deal shop back,1
good ship form,1
reliabl great game gener toward buyer game reward unlik onlin platform howev sometim minor glitch within fix,1
good,1
cheap stuff good deal custom servic repli quick often irrelev help,-1
love stuff bought far,1
parcel receiv good condit,1
good platform buy stuff,1
easi use payment deduct receiv good,1
liter got scam self got wallet tri put back bank got cancel due call protocol go back wallet turn,-1
hi use long time great shop howev discov collect daili coin particip shopp shake time slot today go shake time could help fix issu soon possibl thank,1
far shop experi quit decent refund fast,1
payment releas confirm receipt good secur practic,1
impress use number shop app one thing think would need improv would great stronger secur featur unlock use perhap face recognit fingerprint might work think peopl would habit log featur would good would prevent unauthoris usag overal still great experi use,1
smooth order deliv good condit,1
good,1
good pleasant,1
great shop sg trustabl,1
great product happi,1
good easi fast deliveri trust,1
good,1
good app shop onlin price rang reason,1
easili cancel order even assur order ship care price good true even leav feedback buy stick lazada qoo better,-1
rd purchas far good servic fast deliveri friendli deliveri man correct receiv hope give discount product keep thank much,1
great shop cn almost get want,1
great shop especi time,1
terribl becam realli slow updat mani time got stall click suddenli screen turn white blank page realli disappoint,-1
good easi use,1
far good made mani purchas late alway prompt good qualiti product,1
far good,1
gener fuss free onlin shop relatic good rate,1
easi use receiv payment releas also claim receiv look refund payment process well,1
receiv dent request refund agre accept refund half price unfortun refund amount disappoint servic super worst,-1
terribl websit purchas never came helplin insist alreadi receiv extrem hard get refund email multipl time still fail get refund use caution,-1
abl get good discount deliveri fast,1
sudden suspens account without head voucher code still account use unabl access account servic centr help retriev code tell account suspens final disappoint use mani year treat long term custom unusu activ system detect even explain unusu,-1
love,1
keep hang crash check order much realli use want access go especi websit seem load mobil quit disappoint,-1
good app merchant partner awesom,1
fuss free shop safe secur use plenti transact good brought onlin,1
use love home page load anymor access anyth els right plu everi time click someth load,-1
great onlin shop tool easi use respons chat far,1
pleas googl scam decid use sure receiv pleas confirm receiv check onc press receiv mean refund becuz payment go matter protect agre receiv problem custom servic suck q keep wait like aliexpress even send damag good cant anyth refund,-1
first time purchas bra pad good materi valu money,1
good onlin shop esp featur show similar product good competit price rate respons time valuabl info determin buy howev crash view beyond page,1
great voucher easi refund process hope see justifi shopp guarante shopper tk,1
good servic,1
good offer great custom servic support,1
good platform especi stay home period get daili reason price good servic fast deliveri reduc energi carri heavi thing market one click,1
summaris everyth great coupon discount ui great except review mind give us space write may custom write useless stuff like fast deliveri use look good other like want give other better idea expect add imag review written notepad provid critic also let us edit review time want might find problem month later,1
anoth great onlin shop platform made mani purchas thru shopeesg live chat custom servic excel prompt handl order issu highli recon lastli safe shop everyon,1
great shop experienc make shop easier,1
recent receiv order mask receiv ear loop break ask refund end say hsve take video packag etc send pictur damag still need video etc,-1
lot choic shop good,1
good easi use,1
good,1
like onlin shop platform easi use show deliveri statu one edit rate case product work day later price good find almost anyth sun,1
good app,1
disappoint support indonesian market gain initi traction sea plenti product indonesian hope access local unfortun china taiwan market support,-1
delet account receiv refund total disappoint allow bogu indic avail actual total wast time wait refund star give half star still display avail even issu goe show care less shopper experi shopper bewar endlesspass decept contact want see proof,1
cheat receiv wrong order report never receiv refund kept chase sender,-1
good,-1
good platform buy good rang electron product like laptop groceri like milo etc,1
like compar price one good one,1
good experi far,1
great shop experi,1
although hv impress one good thank,1
great,1
good servic let u know ship,1
pretti good mani much better valu tradit brick motar shop,1
good conveni,1
like shop featur afford product purchas onlin wait time receiv product come oversea might take day deliveri free great deal hope continu reliabl trust onlin shop websit keep,1
great shop app,1
great,1
good shop shopeesg keep miss order deliv time alreadi wast sent,-1
interact onlin great idea,1
alway good experi use slight problem deliveri time frame sinc circuit breaker timefram still accept,1
great till receiv product time good shape,1
excel servic payment good receiv,1
love,1
shop wise good except concept voucher good even get voucher subjuct other peopl use first n consid fulli redeem still perfer lazada voucher concept get ypu,1
great bought lot stuff fast deliveri reliabl,1
eagerli wait sale cant check cant get pass payment page disappoint,-1
great use,1
order cancel refund swift easi,1
good useful buy thing quit reliabl,1
receiv good condit seal packag speedi repli,1
good experi,1
good platform purchas,1
eas use good experi first purchas,1
love trust easi transact,1
first purchas great made enquiri anoth music instrument shop interest repli never came back nearli week still wait today respons great dissapoint cost,-1
good servic good mostli deliv time mostli respons thank,1
initi setback difficulti chang credit card payment rectifi within hour experi noth short outstand good ui order wide rang offer swift deliveri keep,1
great,1
good,1
love onlin shop experiec search product easi wide varieti choos track purchas good also easi shipment inform clear definit recommend shop platform rel friend,1
good easi navig mani great deal,1
love much enjoy onlin shop,1
take long good arriv,-1
hv confid e bought st bought pee pad base pictur advertis show thick pee pad arriv pee pad super thin small want return refund wk e chat room will refund nd pee pad collect wkday offic hr locat rd swimwear cut horribl chest part cut inward shop risk,-1
arriv earli faulti charg full airpod say charg first song finish minut airpod fulli discharg vendor good deliveri prompt one tap order also suffer got refund help good got back refund stop vendor subsequ good experi especi get refund chang percept,1
great onlin platform shop,1
good,1
competit product select alway good,1
good experi shop,1
good good good,1
zero star shame shame highlight clearli upfront coin expir tentamount scam,-1
mani great deal discount custom support great,1
love easi use great abl review buyer experi,1
fast easi super good deal also,1
great shop mani offer good deal,1
good,-1
great shop experi even negoti around world sell platform make versatil platform avail howev refin ui done space improv,1
lag still good,1
good,1
like purchas fulfil refund done time everyth track perfectli also bring back blackpink face instead discount ronaldo,1
happen use good alway lag even open cart check keep load load fix p pleas,-1
good app,1
love shop game activ make shop enjoy,1
product deliv promis good qualiti get see,1
great onlin purchas list cheaper found app sg,1
user friendli easili navig great coin much higher valu could given free spin given user daili,1
improv alot compar platform start get use much ongo promot day long great job well done,1
good enough,-1
st welcom gift scam come clear instruct st check box claim free gift allow proceed payment agent said claim free gift st purchas howev instruct given prior st purchas unfortun experi st time use,-1
great user experi far abl found everi product look,1
sale reliabl qualiti especi flash deal mostli realli good deal custom servic staff realli respons help,1
anoth indulg capit bia dont realli care buyer lazada definit handl refund return servic better compani,-1
deliveri came earli good condit purchas,1
scam,-1
great user interfac design easi navig built game interest fun two downsid pm say stock yet still list also oversea track allow user open actual web link servic may time track servic delay due circumst state,1
use love purchas thing recent lot issu top wallet big prize reflect current prize day week also hard find coupon voucher make purchas,-1
disappoint staff custom servic sent numer email staff jacob respons sinc done told till receiv refund sinc report refund april mr jacob promis put refund account receiv even done said respons afterward what happen pleas kindli let know asap,-1
care dealer sent wrong good order black bag variat qualiti dealer sent wrong white variat quantiti never order later tri mani time chang dealer will repli well chang also approach care kept say sorri sorri pleas wait wait also never chang overal disappoint poor dealer lucki sg helpless insta page sg case id,-1
good time farm tri dozen time work import star,-1
easi platform use great experi,1
best shop love reason price offer,1
good easi use,1
great place shop log everyday collect coin use offset purchas hassl free far good qualiti product bought,1
good,1
love much,1
good,1
love nice onlin shop platform,1
order got cancel without knowledg approv alreadi wait week mean wait shipment decid dont choic extend take sometim deliv ok particular order cancel order might abl get price would need wait anoth round right dont even want buy anymor angri disappoint,-1
great use easi navig,1
great experi,1
lag sometim otherwis good,1
good price,1
good way shop tri,1
good good deal downsid may understand english make commun extrem difficult got around problem commun chines good support chines text also mani actual ship china like pay less someth need hurri good deal local stock definit plu like recent purchas pet product,1
good buy thing flash deal love,1
far good,1
smooth setup easi use good,1
purchas mani good qualiti cheap price read review buyer tell servic also sell easi navig annoy hard time categoris seem like cannot get suitabl categori alway end get upload store mayb guid fit categori hard categoris,1
mostli trustworthi great deal found miss,1
good,1
wonder smooth experi layout display easi navig love support regular discount offer make keep come back,1
request refund find option click releas payment ui frustrat staff chat help simpli put ignor mode stop repli wow thank busi purchas,-1
great,1
got cheat sgd one user name sg set alreadi file polic complaint acc suspen look like open anoth account user id best devic report scam snapshot would like request take strong action retriev money would great,-1
great platform circuit breaker abl expos ourself outsid contain covid situat effect,1
great,1
good,1
great place peopl shop search thing might interest even futur need also offer great deal differ time day night continu also hold event almost everi month get peopl attent buy thing cheaper price overal good experi use applic,1
good shop platform effici,1
good mani thing purchas,1
lot select deliveri may littl slow expect ship oversea good respons,1
tri love shop,1
good smooth experi far use purchas,1
bit disappoint watch bought live batteri warranti card enclos,1
mani product good,1
great,1
good sometim keep hang auto restart pleas fix thank,1
good place shop without budget choos wise love make must check everyday great experi,1
great thumb,1
